<?xml version="1.0" encoding="UTF-8"?>
<beans xmlns="http://www.springframework.org/schema/beans"
	xmlns:xsi="http://www.w3.org/2001/XMLSchema-instance" xmlns:mvc="http://www.springframework.org/schema/mvc"
	xmlns:context="http://www.springframework.org/schema/context"
	xsi:schemaLocation="
	http://www.springframework.org/schema/mvc http://www.springframework.org/schema/mvc/spring-mvc-3.0.xsd
	http://www.springframework.org/schema/beans http://www.springframework.org/schema/beans/spring-beans-3.0.xsd
	http://www.springframework.org/schema/context http://www.springframework.org/schema/context/spring-context-3.0.xsd">

	

	
	<bean id="courses" class="com.inautix.courses.CoursesBean" scope = "singleton">

	</bean>

<!-- 	<bean id="helloWorldBean" class="tra.sample.BeanFactory.HelloWorldBean">
		<property name="message" value="Iam hello world bean" />
	</bean>	
	
	<bean id="helloEarthBean" class="tra.sample.BeanFactory.HelloEarthBean">
		<property name="info" value="Iam Hello Earth BEan."/>
		<property name="hwb" ref="helloWorldBean" />
	</bean>	 -->




</beans>