ajay@gmail.com,ajay,student
balaji@gmail.com,balaji,student
chandru@gmail.com,chandru,student
deepak@gmail.com,deepak,student
ezhi@gmail.com,ezhil,student
gokul@gmail.com,gokul,student
harish@gmail.com,harish,student
jasmine@gmail.com,jasmine,student
krish@gmail.com,krish,student
balakrishnan@gmail.com,balakrishnan,professor
balraj@gmail.com,balraj,professor
nandhagopal@gmail.com,nandhagopal,professor
janani@gmail.com,janani,professor
sindya@gmail.com,sindya,professor
christoper@gmail.com,christoper,professor
priya@gmail.com,priya,professor
gomathi@gmail.com,gomathi,professor
saranya@gmail.com,saranya,professor